Kinase,Score,Rank,Method,Perc,Qrt,hgnc_symbol,group,KinaseFamily,subfamily
AAK1,309,275,KEA3,0.07142857142857142,1,AAK1,OTHER,NAK,BIKE
ABL1,38,27,KEA3,0.9257142857142857,4,ABL1,TK,ABL,ABL
ABL2,101.66666666666667,96,KEA3,0.6828571428571428,3,ABL2,TK,ABL,ABL
ACVR1,161,175,KEA3,0.40285714285714286,2,ACVR1,TKL,STKR,TYPE1
ACVR1B,202,205,KEA3,0.29714285714285715,2,ACVR1B,TKL,STKR,TYPE1
ACVR2B,18,5,KEA3,0.9885714285714285,4,ACVR2B,TKL,STKR,TYPE2
AKT1,76.33333333333333,62,KEA3,0.8085714285714286,4,AKT1,AGC,AKT,AKT
AKT2,109.66666666666667,109,KEA3,0.6371428571428571,3,AKT2,AGC,AKT,AKT
AKT3,93,87,KEA3,0.7171428571428572,3,AKT3,AGC,AKT,AKT
ALK,74.5,60,KEA3,0.8142857142857143,4,ALK,TK,ALK,ALK
ARAF,43,31,KEA3,0.9142857142857143,4,ARAF,TKL,RAF,RAF
ATM,101.33333333333333,95,KEA3,0.6857142857142857,3,ATM,ATYPICAL,PIKK,ATM
ATR,69,56,KEA3,0.8285714285714286,4,ATR,ATYPICAL,PIKK,ATR
AURKA,121.66666666666667,127,KEA3,0.5714285714285714,3,AURKA,OTHER,AUR,AUR
AURKB,81,70,KEA3,0.7685714285714286,4,AURKB,OTHER,AUR,AUR
AURKC,185.5,194,KEA3,0.3342857142857143,2,AURKC,OTHER,AUR,AUR
AXL,175,185,KEA3,0.36857142857142855,2,AXL,TK,AXL,AXL
BLK,236,233,KEA3,0.2,1,BLK,TK,SRC,SRCB
BMP2K,325,288,KEA3,0.03428571428571429,1,BMP2K,OTHER,NAK,BIKE
BMPR1A,81.5,71,KEA3,0.7657142857142857,4,BMPR1A,TKL,STKR,TYPE1
BMPR1B,111,112,KEA3,0.6257142857142857,3,BMPR1B,TKL,STKR,TYPE1
BMPR2,204.5,207,KEA3,0.2885714285714286,2,BMPR2,TKL,STKR,TYPE2
BMX,54.333333333333336,44,KEA3,0.8714285714285714,4,BMX,TK,TEC,TEC
BRAF,148.5,163,KEA3,0.4514285714285714,2,BRAF,TKL,RAF,RAF
BRSK1,224.66666666666666,222,KEA3,0.24285714285714285,1,BRSK1,CAMK,CAMKL,BRSK
BRSK2,313,279,KEA3,0.06,1,BRSK2,CAMK,CAMKL,BRSK
BTK,97.33333333333333,90,KEA3,0.7085714285714285,3,BTK,TK,TEC,TEC
BUB1,185,193,KEA3,0.33714285714285713,2,BUB1,OTHER,BUB,BUB
CAMK1,197.66666666666666,200,KEA3,0.3171428571428571,2,CAMK1,CAMK,CAMK1,CAMK1
CAMK1D,231.5,229,KEA3,0.21142857142857144,1,CAMK1D,CAMK,CAMK1,CAMK1
CAMK2A,81,70,KEA3,0.7685714285714286,4,CAMK2A,CAMK,CAMK2,CAMK2
CAMK2B,76.5,63,KEA3,0.8,4,CAMK2B,CAMK,CAMK2,CAMK2
CAMK2D,107.33333333333333,105,KEA3,0.6485714285714286,3,CAMK2D,CAMK,CAMK2,CAMK2
CAMK2G,51,40,KEA3,0.8857142857142857,4,CAMK2G,CAMK,CAMK2,CAMK2
CAMK4,147.33333333333334,160,KEA3,0.46,2,CAMK4,CAMK,CAMK1,CAMK1
CAMKK1,156.66666666666666,170,KEA3,0.42,2,CAMKK1,OTHER,CAMKK,META
CAMKK2,162,176,KEA3,0.4,2,CAMKK2,OTHER,CAMKK,META
CDC42BPA,299,270,KEA3,0.08571428571428572,1,CDC42BPA,AGC,DMPK,GEK
CDC7,205.5,209,KEA3,0.28285714285714286,2,CDC7,OTHER,CDC7,CDC7
CDK1,107.5,106,KEA3,0.6457142857142857,3,CDK1,CMGC,CDK,CDC2
CDK11A,332,293,KEA3,0.02,1,CDK11A,CMGC,CDK,CDK11
CDK11A,332,293,KEA3,0.02,1,CDK11A,NA,NA,NA
CDK12,320,285,KEA3,0.04285714285714286,1,CDK12,CMGC,CDK,CRK7
CDK15,294,267,KEA3,0.09428571428571429,1,CDK15,CMGC,CDK,PFTAIRE
CDK16,33,23,KEA3,0.9371428571428572,4,CDK16,CMGC,CDK,PCTAIRE
CDK18,237,234,KEA3,0.19714285714285715,1,CDK18,CMGC,CDK,PCTAIRE
CDK19,199,202,KEA3,0.30857142857142855,2,CDK19,CMGC,CDK,CDK8
CDK2,111.33333333333333,113,KEA3,0.6228571428571429,3,CDK2,CMGC,CDK,CDC2
CDK20,267,256,KEA3,0.12571428571428572,1,CDK20,CMGC,CDK,CCRK
CDK3,153.66666666666666,166,KEA3,0.4342857142857143,2,CDK3,CMGC,CDK,CDC2
CDK4,94.33333333333333,88,KEA3,0.7142857142857143,3,CDK4,CMGC,CDK,CDK4
CDK5,73.66666666666667,58,KEA3,0.82,4,CDK5,CMGC,CDK,CDK5
CDK6,126.33333333333333,131,KEA3,0.5571428571428572,3,CDK6,CMGC,CDK,CDK4
CDK7,122,128,KEA3,0.5657142857142857,3,CDK7,CMGC,CDK,CDK7
CDK8,227.5,226,KEA3,0.2257142857142857,1,CDK8,CMGC,CDK,CDK8
CDK9,143.66666666666666,154,KEA3,0.47714285714285715,2,CDK9,CMGC,CDK,CDK9
CDKL3,312,278,KEA3,0.06285714285714286,1,CDKL3,CMGC,CDKL,CDKL
CDKL5,141.5,151,KEA3,0.4857142857142857,2,CDKL5,CMGC,CDKL,CDKL
CHEK1,105,101,KEA3,0.6628571428571428,3,CHEK1,CAMK,CAMKL,CHK1
CHEK2,138,147,KEA3,0.5,3,CHEK2,CAMK,RAD53,RAD53
CHUK,137.33333333333334,146,KEA3,0.5057142857142857,3,CHUK,OTHER,IKK,IKK
CLK1,90.5,82,KEA3,0.7342857142857143,3,CLK1,CMGC,CLK,CLK
CLK2,78.5,66,KEA3,0.7914285714285715,4,CLK2,CMGC,CLK,CLK
CLK3,134.5,142,KEA3,0.52,3,CLK3,CMGC,CLK,CLK
CLK4,323,287,KEA3,0.037142857142857144,1,CLK4,CMGC,CLK,CLK
CSF1R,334,295,KEA3,0.014285714285714285,1,CSF1R,TK,PDGFR,PDGFR
CSK,104.33333333333333,100,KEA3,0.6657142857142857,3,CSK,TK,CSK,CSK
CSNK1A1,136,144,KEA3,0.5114285714285715,3,CSNK1A1,CK1,CK1,CK1-A
CSNK1A1L,337,298,KEA3,0.005714285714285714,1,CSNK1A1L,CK1,CK1,CK1-A
CSNK1D,106,103,KEA3,0.6571428571428571,3,CSNK1D,CK1,CK1,CK1-D
CSNK1E,122,128,KEA3,0.5657142857142857,3,CSNK1E,CK1,CK1,CK1-D
CSNK1G1,226,224,KEA3,0.23142857142857143,1,CSNK1G1,CK1,CK1,CK1-G
CSNK1G2,245.5,238,KEA3,0.18285714285714286,1,CSNK1G2,CK1,CK1,CK1-G
CSNK1G3,291,265,KEA3,0.1,1,CSNK1G3,CK1,CK1,CK1-G
CSNK2A1,104,99,KEA3,0.6714285714285714,3,CSNK2A1,CMGC,CK2,CK2
CSNK2A2,110,110,KEA3,0.6314285714285715,3,CSNK2A2,CMGC,CK2,CK2
DAPK1,177,188,KEA3,0.35428571428571426,2,DAPK1,CAMK,DAPK,DAPK
DAPK3,191.33333333333334,197,KEA3,0.32571428571428573,2,DAPK3,CAMK,DAPK,DAPK
DCLK1,149,164,KEA3,0.44571428571428573,2,DCLK1,CAMK,DCAMKL,DCAMKL
DDR1,101,94,KEA3,0.6885714285714286,3,DDR1,TK,DDR,DDR
DDR2,31,20,KEA3,0.9457142857142857,4,DDR2,TK,DDR,DDR
DMPK,120,125,KEA3,0.5771428571428572,3,DMPK,AGC,DMPK,GEK
DYRK1A,142,152,KEA3,0.4828571428571429,2,DYRK1A,CMGC,DYRK,DYRK1
DYRK1B,146.66666666666666,159,KEA3,0.46285714285714286,2,DYRK1B,CMGC,DYRK,DYRK1
DYRK2,100.33333333333333,93,KEA3,0.6942857142857143,3,DYRK2,CMGC,DYRK,DYRK2
DYRK3,199.5,203,KEA3,0.3057142857142857,2,DYRK3,CMGC,DYRK,DYRK2
DYRK4,76.5,63,KEA3,0.8,4,DYRK4,CMGC,DYRK,DYRK2
EEF2K,217.5,219,KEA3,0.25142857142857145,2,EEF2K,ATYPICAL,ALPHA,EEF2K
EGFR,54.333333333333336,44,KEA3,0.8714285714285714,4,EGFR,TK,EGFR,EGFR
EIF2AK1,319,284,KEA3,0.045714285714285714,1,EIF2AK1,OTHER,PEK,HRI
EIF2AK2,155.33333333333334,168,KEA3,0.42857142857142855,2,EIF2AK2,OTHER,PEK,PKR
EIF2AK3,336,297,KEA3,0.008571428571428572,1,EIF2AK3,OTHER,PEK,PEK
EPHA2,226,224,KEA3,0.23142857142857143,1,EPHA2,TK,EPH,EPH
EPHA3,101,94,KEA3,0.6885714285714286,3,EPHA3,TK,EPH,EPH
EPHA4,326,289,KEA3,0.03142857142857143,1,EPHA4,TK,EPH,EPH
EPHA8,335,296,KEA3,0.011428571428571429,1,EPHA8,TK,EPH,EPH
EPHB1,257,248,KEA3,0.14857142857142858,1,EPHB1,TK,EPH,EPH
EPHB2,220,220,KEA3,0.24857142857142858,1,EPHB2,TK,EPH,EPH
EPHB3,24,12,KEA3,0.9685714285714285,4,EPHB3,TK,EPH,EPH
ERBB2,65.5,53,KEA3,0.8371428571428572,4,ERBB2,TK,EGFR,EGFR
ERBB4,198,201,KEA3,0.3142857142857143,2,ERBB4,TK,EGFR,EGFR
FASTK,250.5,243,KEA3,0.1657142857142857,1,FASTK,ATYPICAL,FAST,FAST
FER,32,21,KEA3,0.9428571428571428,4,FER,TK,FER,FER
FES,212,214,KEA3,0.26571428571428574,2,FES,TK,FER,FER
FGFR1,91.66666666666667,84,KEA3,0.7285714285714285,3,FGFR1,TK,FGFR,FGFR
FGFR2,175.5,186,KEA3,0.3657142857142857,2,FGFR2,TK,FGFR,FGFR
FGFR3,116,119,KEA3,0.5942857142857143,3,FGFR3,TK,FGFR,FGFR
FGFR4,77,64,KEA3,0.7971428571428572,4,FGFR4,TK,FGFR,FGFR
FGR,80,68,KEA3,0.78,4,FGR,TK,SRC,SRCA
FLT1,166,180,KEA3,0.38571428571428573,2,FLT1,TK,VEGFR,VEGFR
FLT3,23,9,KEA3,0.9771428571428571,4,FLT3,TK,PDGFR,PDGFR
FLT4,253,245,KEA3,0.16,1,FLT4,TK,VEGFR,VEGFR
FRK,214.5,216,KEA3,0.26,2,FRK,TK,SRC,FRK
FYN,52.333333333333336,42,KEA3,0.88,4,FYN,TK,SRC,SRCA
GRK1,330,292,KEA3,0.022857142857142857,1,GRK1,AGC,GRK,GRK
GRK2,83,73,KEA3,0.76,4,GRK2,AGC,GRK,BARK
GRK3,230,227,KEA3,0.22,1,GRK3,AGC,GRK,BARK
GRK5,128.66666666666666,133,KEA3,0.5485714285714286,3,GRK5,AGC,GRK,GRK
GRK6,138,147,KEA3,0.5,3,GRK6,AGC,GRK,GRK
GSK3A,85.33333333333333,75,KEA3,0.7542857142857143,4,GSK3A,CMGC,GSK,GSK
GSK3B,88,79,KEA3,0.7428571428571429,3,GSK3B,CMGC,GSK,GSK
HASPIN,221,221,KEA3,0.24571428571428572,1,HASPIN,OTHER,HASPIN,HASPIN
HCK,103.33333333333333,98,KEA3,0.6742857142857143,3,HCK,TK,SRC,SRCB
HIPK1,87.5,77,KEA3,0.7485714285714286,3,HIPK1,CMGC,DYRK,HIPK
HIPK2,157,171,KEA3,0.41714285714285715,2,HIPK2,CMGC,DYRK,HIPK
HIPK3,304,273,KEA3,0.07714285714285714,1,HIPK3,CMGC,DYRK,HIPK
HIPK4,127,132,KEA3,0.5514285714285714,3,HIPK4,CMGC,DYRK,HIPK
ICK,247,240,KEA3,0.17714285714285713,1,CILK1,CMGC,RCK,RCK
IGF1R,19.666666666666668,7,KEA3,0.9828571428571429,4,IGF1R,TK,INSR,INSR
IKBKB,73.33333333333333,57,KEA3,0.8228571428571428,4,IKBKB,OTHER,IKK,IKK
IKBKE,111.66666666666667,115,KEA3,0.6171428571428571,3,IKBKE,OTHER,IKK,IKK
ILK,50,37,KEA3,0.8942857142857142,4,ILK,TKL,MLK,ILK
INSR,67.33333333333333,54,KEA3,0.8342857142857143,4,INSR,TK,INSR,INSR
IRAK1,114,117,KEA3,0.6057142857142858,3,IRAK1,TKL,IRAK,IRAK
IRAK3,258.5,249,KEA3,0.1457142857142857,1,IRAK3,TKL,IRAK,IRAK
IRAK4,268,257,KEA3,0.12285714285714286,1,IRAK4,TKL,IRAK,IRAK
ITK,68,55,KEA3,0.8314285714285714,4,ITK,TK,TEC,TEC
JAK1,86.5,76,KEA3,0.7514285714285714,4,JAK1,TK,JAKA,JAKA
JAK2,23.333333333333332,10,KEA3,0.9742857142857143,4,JAK2,TK,JAKA,JAKA
JAK3,114,117,KEA3,0.6057142857142858,3,JAK3,TK,JAKA,JAKA
KDR,177,188,KEA3,0.35428571428571426,2,KDR,TK,VEGFR,VEGFR
KIT,167,181,KEA3,0.38285714285714284,2,KIT,TK,PDGFR,PDGFR
KSR1,110,110,KEA3,0.6314285714285715,3,KSR1,TKL,RAF,KSR
KSR2,116,119,KEA3,0.5942857142857143,3,KSR2,TKL,RAF,KSR
LATS1,170.33333333333334,184,KEA3,0.37142857142857144,2,LATS1,AGC,NDR,NDR
LATS2,99.5,92,KEA3,0.6971428571428572,3,LATS2,AGC,NDR,NDR
LCK,39,28,KEA3,0.9228571428571428,4,LCK,TK,SRC,SRCB
LIMK1,270,259,KEA3,0.11714285714285715,1,LIMK1,TKL,LISK,LIMK
LIMK2,19,6,KEA3,0.9857142857142858,4,LIMK2,TKL,LISK,LIMK
LRRK2,91.5,83,KEA3,0.7314285714285714,3,LRRK2,TKL,LRRK,LRRK
LYN,56.333333333333336,47,KEA3,0.8571428571428571,4,LYN,TK,SRC,SRCB
MAK,293,266,KEA3,0.09714285714285714,1,MAK,CMGC,RCK,RCK
MAP2K1,32.666666666666664,22,KEA3,0.94,4,MAP2K1,STE,STE7,MEK1
MAP2K2,82,72,KEA3,0.7628571428571429,4,MAP2K2,STE,STE7,MEK1
MAP2K3,165,179,KEA3,0.38857142857142857,2,MAP2K3,STE,STE7,MEK3
MAP2K4,147.66666666666666,162,KEA3,0.4542857142857143,2,MAP2K4,STE,STE7,MEK4
MAP2K6,144,155,KEA3,0.4742857142857143,2,MAP2K6,STE,STE7,MEK3
MAP2K7,179.5,191,KEA3,0.34285714285714286,2,MAP2K7,STE,STE7,MEK7
MAP3K1,234,231,KEA3,0.2057142857142857,1,MAP3K1,STE,STE11,MEKK1
MAP3K10,211,213,KEA3,0.2714285714285714,2,MAP3K10,TKL,MLK,MLK
MAP3K11,184,192,KEA3,0.34,2,MAP3K11,TKL,MLK,MLK
MAP3K13,249,241,KEA3,0.17142857142857143,1,MAP3K13,TKL,MLK,LZK
MAP3K14,177.66666666666666,189,KEA3,0.3514285714285714,2,MAP3K14,STE,STE-UNIQUE,STE-UNIQUE
MAP3K20,272,260,KEA3,0.11428571428571428,1,MAP3K20,TKL,MLK,ZAK
MAP3K3,246,239,KEA3,0.18,1,MAP3K3,STE,STE11,MEKK2
MAP3K4,264,253,KEA3,0.13428571428571429,1,MAP3K4,STE,STE11,MEKK4
MAP3K5,50.666666666666664,39,KEA3,0.8885714285714286,4,MAP3K5,STE,STE11,ASK
MAP3K6,156,169,KEA3,0.4228571428571429,2,MAP3K6,STE,STE11,ASK
MAP3K7,99,91,KEA3,0.7057142857142857,3,MAP3K7,TKL,MLK,TAK1
MAP3K8,143.5,153,KEA3,0.48,2,MAP3K8,STE,STE-UNIQUE,STE-UNIQUE
MAP4K1,232,230,KEA3,0.20857142857142857,1,MAP4K1,STE,STE20,KHS
MAP4K2,159.5,174,KEA3,0.4057142857142857,2,MAP4K2,STE,STE20,KHS
MAP4K3,238,235,KEA3,0.19428571428571428,1,MAP4K3,STE,STE20,KHS
MAP4K4,230,227,KEA3,0.22,1,MAP4K4,STE,STE20,MSN
MAP4K5,135,143,KEA3,0.5142857142857142,3,MAP4K5,STE,STE20,KHS
MAPK1,53.66666666666667,43,KEA3,0.8771428571428571,4,MAPK1,CMGC,MAPK,ERK1
MAPK10,104.33333333333333,100,KEA3,0.6657142857142857,3,MAPK10,CMGC,MAPK,JNK
MAPK11,59.666666666666664,50,KEA3,0.8485714285714285,4,MAPK11,CMGC,MAPK,P38
MAPK12,140,149,KEA3,0.4942857142857143,2,MAPK12,CMGC,MAPK,P38
MAPK13,141,150,KEA3,0.49142857142857144,2,MAPK13,CMGC,MAPK,P38
MAPK14,93,87,KEA3,0.7171428571428572,3,MAPK14,CMGC,MAPK,P38
MAPK15,131.5,136,KEA3,0.5371428571428571,3,MAPK15,CMGC,MAPK,ERK7
MAPK3,45.33333333333333,32,KEA3,0.9114285714285715,4,MAPK3,CMGC,MAPK,ERK1
MAPK6,242,237,KEA3,0.18571428571428572,1,MAPK6,CMGC,MAPK,ERK3
MAPK7,118,123,KEA3,0.5828571428571429,3,MAPK7,CMGC,MAPK,ERK5
MAPK8,77.33333333333333,65,KEA3,0.7942857142857143,4,MAPK8,CMGC,MAPK,JNK
MAPK9,109.33333333333333,108,KEA3,0.64,3,MAPK9,CMGC,MAPK,JNK
MAPKAPK2,87.66666666666667,78,KEA3,0.7457142857142857,3,MAPKAPK2,CAMK,MAPKAPK,MAPKAPK
MAPKAPK3,308,274,KEA3,0.07428571428571429,1,MAPKAPK3,CAMK,MAPKAPK,MAPKAPK
MAPKAPK5,119,124,KEA3,0.58,3,MAPKAPK5,CAMK,MAPKAPK,MAPKAPK
MARK2,165,179,KEA3,0.38857142857142857,2,MARK2,CAMK,CAMKL,MARK
MARK3,186.33333333333334,195,KEA3,0.3314285714285714,2,MARK3,CAMK,CAMKL,MARK
MARK4,333,294,KEA3,0.017142857142857144,1,MARK4,CAMK,CAMKL,MARK
MAST1,226,224,KEA3,0.23142857142857143,1,MAST1,AGC,MAST,MAST
MAST2,318,283,KEA3,0.04857142857142857,1,MAST2,AGC,MAST,MAST
MATK,145,157,KEA3,0.4685714285714286,2,MATK,TK,CSK,CSK
MELK,265,254,KEA3,0.13142857142857142,1,MELK,CAMK,CAMKL,MELK
MERTK,25,14,KEA3,0.9628571428571429,4,MERTK,TK,AXL,AXL
MET,14,3,KEA3,0.9942857142857143,4,MET,TK,MET,MET
MKNK1,188.33333333333334,196,KEA3,0.32857142857142857,2,MKNK1,CAMK,MAPKAPK,MNK
MKNK2,240,236,KEA3,0.19142857142857142,1,MKNK2,CAMK,MAPKAPK,MNK
MOK,117,121,KEA3,0.5885714285714285,3,MOK,CMGC,RCK,RCK
MOS,311,277,KEA3,0.06571428571428571,1,MOS,OTHER,MOS,MOS
MST1R,207,211,KEA3,0.27714285714285714,2,MST1R,TK,MET,MET
MTOR,90,81,KEA3,0.7371428571428571,3,MTOR,ATYPICAL,PIKK,FRAP
MYLK2,196.5,199,KEA3,0.32,2,MYLK2,CAMK,MLCK,MLCK
MYO3A,275,263,KEA3,0.10571428571428572,1,MYO3A,STE,STE20,NINAC
NEK10,301,271,KEA3,0.08285714285714285,1,NEK10,OTHER,NEK,NEK10
NEK11,317,282,KEA3,0.05142857142857143,1,NEK11,OTHER,NEK,NEK11
NEK2,81,70,KEA3,0.7685714285714286,4,NEK2,OTHER,NEK,NEK2
NEK3,179.5,191,KEA3,0.34285714285714286,2,NEK3,OTHER,NEK,NEK1
NEK4,203.5,206,KEA3,0.29428571428571426,2,NEK4,OTHER,NEK,NEK4
NEK6,48.666666666666664,35,KEA3,0.9,4,NEK6,OTHER,NEK,NEK6
NEK8,212.5,215,KEA3,0.26285714285714284,2,NEK8,OTHER,NEK,NEK8
NEK9,105.5,102,KEA3,0.66,3,NEK9,OTHER,NEK,NEK8
NIM1K,295,268,KEA3,0.09142857142857143,1,NIM1K,CAMK,CAMKL,NIM1
NLK,151,165,KEA3,0.43714285714285717,2,NLK,CMGC,MAPK,NMO
NPR2,99.5,92,KEA3,0.6971428571428572,3,NPR2,RGC,RGC,RGC
NRBP2,227,225,KEA3,0.22857142857142856,1,NRBP2,OTHER,NRBP,NRBP
NTRK1,15,4,KEA3,0.9914285714285714,4,NTRK1,TK,TRK,TRK
NTRK2,261,251,KEA3,0.14,1,NTRK2,TK,TRK,TRK
NTRK3,65,52,KEA3,0.8428571428571429,4,NTRK3,TK,TRK,TRK
NUAK1,139.33333333333334,148,KEA3,0.49714285714285716,2,NUAK1,CAMK,CAMKL,NUAK
NUAK2,266,255,KEA3,0.12857142857142856,1,NUAK2,CAMK,CAMKL,NUAK
OXSR1,274,262,KEA3,0.10857142857142857,1,OXSR1,STE,STE20,FRAY
PAK1,73.33333333333333,57,KEA3,0.8228571428571428,4,PAK1,STE,STE20,PAKA
PAK2,127,132,KEA3,0.5514285714285714,3,PAK2,STE,STE20,PAKA
PAK3,112,116,KEA3,0.6114285714285714,3,PAK3,STE,STE20,PAKA
PAK4,108.33333333333333,107,KEA3,0.6428571428571429,3,PAK4,STE,STE20,PAKB
PAK5,225,223,KEA3,0.24,1,PAK5,STE,STE20,PAKB
PAK6,204.5,207,KEA3,0.2885714285714286,2,PAK6,STE,STE20,PAKB
PASK,216,217,KEA3,0.2571428571428571,2,PASK,CAMK,CAMKL,PASK
PBK,205,208,KEA3,0.2857142857142857,2,PBK,OTHER,TOPK,TOPK
PDGFRA,40,29,KEA3,0.92,4,PDGFRA,TK,PDGFR,PDGFR
PDGFRB,24.666666666666668,13,KEA3,0.9657142857142857,4,PDGFRB,TK,PDGFR,PDGFR
PDIK1L,310,276,KEA3,0.06857142857142857,1,PDIK1L,OTHER,NKF4,NKF4
PDK1,29.5,19,KEA3,0.9485714285714286,4,PDK1,ATYPICAL,PDHK,PDHK
PDPK1,33.5,24,KEA3,0.9342857142857143,4,PDPK1,AGC,PDK1,PDK1
PIK3CA,20,8,KEA3,0.98,4,PIK3CA,NA,NA,NA
PIK3CB,256,247,KEA3,0.15142857142857144,1,PIK3CB,NA,NA,NA
PIK3CG,315,281,KEA3,0.054285714285714284,1,PIK3CG,NA,NA,NA
PIK3R4,29,18,KEA3,0.9514285714285714,4,PIK3R4,OTHER,VPS15,VPS15
PIM1,116.66666666666667,120,KEA3,0.5914285714285714,3,PIM1,CAMK,PIM,PIM
PIM2,79,67,KEA3,0.7885714285714286,4,PIM2,CAMK,PIM,PIM
PINK1,149,164,KEA3,0.44571428571428573,2,PINK1,OTHER,NKF2,NKF2
PKMYT1,269,258,KEA3,0.12,1,PKMYT1,OTHER,WEE,WEE
PKN1,48,33,KEA3,0.9057142857142857,4,PKN1,AGC,PKN,PKN
PLK1,92,85,KEA3,0.7257142857142858,3,PLK1,OTHER,PLK,PLK1
PLK2,156,169,KEA3,0.4228571428571429,2,PLK2,OTHER,PLK,PLK2
PLK3,134.33333333333334,141,KEA3,0.5228571428571429,3,PLK3,OTHER,PLK,PLK2
PLK4,131,135,KEA3,0.5428571428571428,3,PLK4,OTHER,PLK,SAK
PNCK,179,190,KEA3,0.3485714285714286,2,PNCK,CAMK,CAMK1,CAMK1
PRKAA1,58.666666666666664,48,KEA3,0.8542857142857143,4,PRKAA1,CAMK,CAMKL,AMPK
PRKAA2,132.66666666666666,138,KEA3,0.5314285714285715,3,PRKAA2,CAMK,CAMKL,AMPK
PRKACA,75.66666666666667,61,KEA3,0.8114285714285714,4,PRKACA,AGC,PKA,PKA
PRKACB,256,247,KEA3,0.15142857142857144,1,PRKACB,AGC,PKA,PKA
PRKCA,59.33333333333333,49,KEA3,0.8514285714285714,4,PRKCA,AGC,PKC,ALPHA
PRKCB,12.666666666666666,2,KEA3,0.9971428571428571,4,PRKCB,AGC,PKC,ALPHA
PRKCD,49.66666666666667,36,KEA3,0.8971428571428571,4,PRKCD,AGC,PKC,DELTA
PRKCE,42.666666666666664,30,KEA3,0.9171428571428571,4,PRKCE,AGC,PKC,ETA
PRKCG,27.333333333333332,17,KEA3,0.9542857142857143,4,PRKCG,AGC,PKC,ALPHA
PRKCH,23.666666666666668,11,KEA3,0.9714285714285714,4,PRKCH,AGC,PKC,ETA
PRKCI,130.66666666666666,134,KEA3,0.5457142857142857,3,PRKCI,AGC,PKC,IOTA
PRKCQ,48,33,KEA3,0.9057142857142857,4,PRKCQ,AGC,PKC,DELTA
PRKCZ,74,59,KEA3,0.8171428571428572,4,PRKCZ,AGC,PKC,IOTA
PRKD1,26,16,KEA3,0.9571428571428572,4,PRKD1,CAMK,PKD,PKD
PRKD2,163.66666666666666,177,KEA3,0.39714285714285713,2,PRKD2,CAMK,PKD,PKD
PRKD3,154,167,KEA3,0.43142857142857144,2,PRKD3,CAMK,PKD,PKD
PRKDC,56,46,KEA3,0.8628571428571429,4,PRKDC,ATYPICAL,PIKK,DNAPK
PRKG1,117.66666666666667,122,KEA3,0.5857142857142857,3,PRKG1,AGC,PKG,PKG
PRKG2,169,182,KEA3,0.37714285714285717,2,PRKG2,AGC,PKG,PKG
PRKX,249,241,KEA3,0.17142857142857143,1,PRKX,AGC,PKA,PKA
PRKY,151,165,KEA3,0.43714285714285717,2,PRKY,AGC,PKA,PKA
PRPF4B,199,202,KEA3,0.30857142857142855,2,PRPF4B,CMGC,DYRK,PRP4
PTK2,52,41,KEA3,0.8828571428571429,4,PTK2,TK,FAK,FAK
PTK2B,36,25,KEA3,0.9314285714285714,4,PTK2B,TK,FAK,FAK
PTK6,48.333333333333336,34,KEA3,0.9028571428571428,4,PTK6,TK,SRC,SRM
PXK,141.5,151,KEA3,0.4857142857142857,2,PXK,OTHER,SLOB,SLOB
RAF1,102.33333333333333,97,KEA3,0.68,3,RAF1,TKL,RAF,RAF
RET,3.3333333333333335,1,KEA3,1,4,RET,TK,RET,RET
RIOK1,302,272,KEA3,0.08,1,RIOK1,ATYPICAL,RIO,RIO1
RIPK1,251,244,KEA3,0.16285714285714287,1,RIPK1,TKL,RIPK,RIPK
RIPK2,111.5,114,KEA3,0.62,3,RIPK2,TKL,RIPK,RIPK
RIPK3,123,129,KEA3,0.5628571428571428,3,RIPK3,TKL,RIPK,RIPK
ROCK1,55,45,KEA3,0.8685714285714285,4,ROCK1,AGC,DMPK,ROCK
ROCK2,176.33333333333334,187,KEA3,0.3628571428571429,2,ROCK2,AGC,DMPK,ROCK
RPS6KA1,80,68,KEA3,0.78,4,RPS6KA1,AGC,RSK,RSK
RPS6KA2,80,68,KEA3,0.78,4,RPS6KA2,AGC,RSK,RSK
RPS6KA3,80.33333333333333,69,KEA3,0.7771428571428571,4,RPS6KA3,AGC,RSK,RSK
RPS6KA4,144.5,156,KEA3,0.4714285714285714,2,RPS6KA4,AGC,RSK,MSK
RPS6KA5,103.33333333333333,98,KEA3,0.6742857142857143,3,RPS6KA5,AGC,RSK,MSK
RPS6KB1,56,46,KEA3,0.8628571428571429,4,RPS6KB1,AGC,RSK,P70
RPS6KB2,120.66666666666667,126,KEA3,0.5742857142857143,3,RPS6KB2,AGC,RSK,P70
RPS6KL1,262,252,KEA3,0.13714285714285715,1,RPS6KL1,AGC,RSKL,RSKL
SCYL1,327,290,KEA3,0.02857142857142857,1,SCYL1,OTHER,SCY1,SCY1
SCYL2,65.5,53,KEA3,0.8371428571428572,4,SCYL2,OTHER,SCY1,SCY1
SCYL3,290,264,KEA3,0.10285714285714286,1,SCYL3,OTHER,SCY1,SCY1
SGK1,106.66666666666667,104,KEA3,0.6514285714285715,3,SGK1,AGC,SGK,SGK
SGK2,151,165,KEA3,0.43714285714285717,2,SGK2,AGC,SGK,SGK
SGK3,169,182,KEA3,0.37714285714285717,2,SGK3,AGC,SGK,SGK
SIK1,235,232,KEA3,0.20285714285714285,1,SIK1,CAMK,CAMKL,QIK
SIK2,210,212,KEA3,0.2742857142857143,2,SIK2,CAMK,CAMKL,QIK
SMG1,329,291,KEA3,0.025714285714285714,1,SMG1,ATYPICAL,PIKK,SMG1
SNRK,230.5,228,KEA3,0.21428571428571427,1,SNRK,CAMK,CAMKL,SNRK
SRC,37.66666666666667,26,KEA3,0.9285714285714286,4,SRC,TK,SRC,SRCA
SRMS,146,158,KEA3,0.4657142857142857,2,SRMS,TK,SRC,SRM
SRPK1,88.5,80,KEA3,0.74,3,SRPK1,CMGC,SRPK,SRPK
SRPK2,131.5,136,KEA3,0.5371428571428571,3,SRPK2,CMGC,SRPK,SRPK
STK10,273,261,KEA3,0.11142857142857143,1,STK10,STE,STE20,SLK
STK11,106.66666666666667,104,KEA3,0.6514285714285715,3,STK11,CAMK,CAMKL,LKB
STK16,85,74,KEA3,0.7571428571428571,4,STK16,OTHER,NAK,MPSK
STK17A,132.5,137,KEA3,0.5342857142857143,3,STK17A,CAMK,DAPK,DRAK
STK24,133,139,KEA3,0.5285714285714286,3,STK24,STE,STE20,YSK
STK25,157.5,172,KEA3,0.4114285714285714,2,STK25,STE,STE20,YSK
STK26,201.5,204,KEA3,0.3,2,STK26,STE,STE20,YSK
STK3,92.33333333333333,86,KEA3,0.7228571428571429,3,STK3,STE,STE20,MST
STK33,296,269,KEA3,0.08857142857142856,1,STK33,CAMK,CAMK-UNIQUE,CAMK-UNIQUE
STK36,254,246,KEA3,0.15714285714285714,1,STK36,OTHER,ULK,FUSED
STK38,112,116,KEA3,0.6114285714285714,3,STK38,AGC,NDR,NDR
STK38L,116,119,KEA3,0.5942857142857143,3,STK38L,AGC,NDR,NDR
STK39,124,130,KEA3,0.56,3,STK39,STE,STE20,FRAY
STK4,177,188,KEA3,0.35428571428571426,2,STK4,STE,STE20,MST
STK40,230.5,228,KEA3,0.21428571428571427,1,STK40,CAMK,SGK495,SGK495
STYK1,194.5,198,KEA3,0.32285714285714284,2,STYK1,TK,TK-UNIQUE,TK-UNIQUE
SYK,60,51,KEA3,0.8457142857142858,4,SYK,TK,SYK,SYK
TAOK1,314,280,KEA3,0.05714285714285714,1,TAOK1,STE,STE20,TAO
TBK1,50.333333333333336,38,KEA3,0.8914285714285715,4,TBK1,OTHER,IKK,IKK
TEC,164.5,178,KEA3,0.3942857142857143,2,TEC,TK,TEC,TEC
TEK,259,250,KEA3,0.14285714285714285,1,TEK,TK,TIE,TIE
TESK1,242,237,KEA3,0.18571428571428572,1,TESK1,TKL,LISK,TESK
TESK2,147.5,161,KEA3,0.45714285714285713,2,TESK2,TKL,LISK,TESK
TGFBR1,216.5,218,KEA3,0.2542857142857143,2,TGFBR1,TKL,STKR,TYPE1
TGFBR2,99.5,92,KEA3,0.6971428571428572,3,TGFBR2,TKL,STKR,TYPE2
TLK1,339,300,KEA3,0,1,TLK1,OTHER,TLK,TLK
TNIK,322,286,KEA3,0.04,1,TNIK,STE,STE20,MSN
TNK2,133.66666666666666,140,KEA3,0.5257142857142857,3,TNK2,TK,ACK,ACK
TNNI3K,157.5,172,KEA3,0.4114285714285714,2,TNNI3K,TKL,MLK,HH498
TP53RK,338,299,KEA3,0.002857142857142857,1,TP53RK,OTHER,BUD32,BUD32
TRIB3,135,143,KEA3,0.5142857142857142,3,TRIB3,CAMK,TRBL,TRBL
TRPM7,212,214,KEA3,0.26571428571428574,2,TRPM7,ATYPICAL,ALPHA,CHAK
TTK,157.66666666666666,173,KEA3,0.4085714285714286,2,TTK,OTHER,TTK,TTK
TXK,206,210,KEA3,0.28,2,TXK,TK,TEC,TEC
TYK2,110.66666666666667,111,KEA3,0.6285714285714286,3,TYK2,TK,JAKA,JAKA
TYRO3,94.5,89,KEA3,0.7114285714285714,3,TYRO3,TK,AXL,AXL
UHMK1,115,118,KEA3,0.6028571428571429,3,UHMK1,OTHER,KIS,KIS
ULK1,201.5,204,KEA3,0.3,2,ULK1,OTHER,ULK,ULK
VRK1,170,183,KEA3,0.3742857142857143,2,VRK1,CK1,VRK,VRK
VRK3,249.5,242,KEA3,0.16857142857142857,1,VRK3,CK1,VRK,VRK
WEE1,76.5,63,KEA3,0.8,4,WEE1,OTHER,WEE,WEE
WNK1,137,145,KEA3,0.5085714285714286,3,WNK1,OTHER,WNK,WNK
YES1,56.333333333333336,47,KEA3,0.8571428571428571,4,YES1,TK,SRC,SRCA
ZAP70,25.333333333333332,15,KEA3,0.96,4,ZAP70,TK,SYK,SYK
FAK1,2.13834612978609,1,UKA,1,4,PTK2,TK,FAK,FAK
TRKB,2.06996838504903,2,UKA,0.9861111111111112,4,NTRK2,TK,TRK,TRK
TXK,1.91392504600447,3,UKA,0.9722222222222222,4,TXK,TK,TEC,TEC
FLT3,1.83692563508329,4,UKA,0.9583333333333334,4,FLT3,TK,PDGFR,PDGFR
FGR,1.81815641205523,5,UKA,0.9444444444444444,4,FGR,TK,SRC,SRCA
LCK,1.81701503299642,6,UKA,0.9166666666666666,4,LCK,TK,SRC,SRCB
AXL,1.81701503299642,6,UKA,0.9166666666666666,4,AXL,TK,AXL,AXL
MER,1.78898630939617,7,UKA,0.9027777777777778,4,MERTK,TK,AXL,AXL
JAK2,1.74588716042393,8,UKA,0.8888888888888888,4,JAK2,TK,JAKA,JAKA
DDR1,1.64789469666027,9,UKA,0.875,4,DDR1,TK,DDR,DDR
SRM,1.61289505034049,10,UKA,0.8611111111111112,4,SRMS,TK,SRC,SRM
RON,1.54399856279155,11,UKA,0.8472222222222222,4,MST1R,TK,MET,MET
FGFR1,1.53485518335168,12,UKA,0.8333333333333334,4,FGFR1,TK,FGFR,FGFR
JAK3,1.46790839372106,14,UKA,0.8055555555555556,4,JAK3,TK,JAKA,JAKA
TEC,1.43680379128481,15,UKA,0.7916666666666666,4,TEC,TK,TEC,TEC
EPHA1,1.38358750802103,16,UKA,0.7777777777777778,4,EPHA1,TK,EPH,EPH
FYN,1.38032243533236,17,UKA,0.7638888888888888,4,FYN,TK,SRC,SRCA
TRKC,1.37658529559061,18,UKA,0.75,4,NTRK3,TK,TRK,TRK
EPHB1,1.20724593511521,19,UKA,0.7361111111111112,3,EPHB1,TK,EPH,EPH
EPHA7,1.1919781856124,20,UKA,0.7222222222222222,3,EPHA7,TK,EPH,EPH
ETK/BMX,1.18019293540924,21,UKA,0.7083333333333334,3,BMX,TK,TEC,TEC
SRC,1.13577379562083,22,UKA,0.6944444444444444,3,SRC,TK,SRC,SRCA
FES,1.10661556687962,23,UKA,0.6805555555555556,3,FES,TK,FER,FER
TYRO3/SKY,1.09547920076166,24,UKA,0.6666666666666666,3,TYRO3,TK,AXL,AXL
RET,1.07929243966838,25,UKA,0.6527777777777778,3,RET,TK,RET,RET
TYK2,1.0318907988718,26,UKA,0.6388888888888888,3,TYK2,TK,JAKA,JAKA
FRK,1.02462334349816,27,UKA,0.625,3,FRK,TK,SRC,FRK
IRR,1.02160202816491,28,UKA,0.6111111111111112,3,INSRR,TK,INSR,INSR
KDR,0.995678626217357,29,UKA,0.5972222222222222,3,KDR,TK,VEGFR,VEGFR
FGFR4,0.934226147130164,30,UKA,0.5833333333333334,3,FGFR4,TK,FGFR,FGFR
CCK4/PTK7,0.913925046004475,31,UKA,0.5694444444444444,3,PTK7,TK,CCK4,CCK4
MET,0.903201180612702,32,UKA,0.5555555555555556,3,MET,TK,MET,MET
TRKA,0.885896322404231,33,UKA,0.5416666666666666,3,NTRK1,TK,TRK,TRK
BTK,0.817015032996418,34,UKA,0.5277777777777778,3,BTK,TK,TEC,TEC
FMS/CSFR,0.78628041602025,35,UKA,0.5138888888888888,3,CSF1R,TK,PDGFR,PDGFR
LMR1,0.777283528852417,36,UKA,0.5,3,AATK,TK,LMR,LMR
CSK,0.767797010326237,37,UKA,0.4861111111111111,2,CSK,TK,CSK,CSK
LYN,0.7525570437695,38,UKA,0.4722222222222222,2,LYN,TK,SRC,SRCB
RYK,0.733034904067025,39,UKA,0.4583333333333333,2,RYK,TK,RYK,RYK
FER,0.707548983044326,40,UKA,0.4305555555555556,2,FER,TK,FER,FER
CTK,0.707548983044326,40,UKA,0.4305555555555556,2,MATK,TK,CSK,CSK
HCK,0.700850220695624,41,UKA,0.4166666666666667,2,HCK,TK,SRC,SRCB
ITK,0.681352430996345,42,UKA,0.4027777777777778,2,ITK,TK,TEC,TEC
FGFR2,0.666996315244302,43,UKA,0.3888888888888889,2,FGFR2,TK,FGFR,FGFR
PDGFR[ALPHA],0.666770431123348,44,UKA,0.375,2,PDGFRA,TK,PDGFR,PDGFR
FAK2,0.65664655820357,45,UKA,0.3472222222222222,2,PTK2B,TK,FAK,FAK
HER4,0.65664655820357,45,UKA,0.3472222222222222,2,ERBB4,TK,EGFR,EGFR
BLK,0.650683611229893,46,UKA,0.3333333333333333,2,BLK,TK,SRC,SRCB
FGFR3,0.619072762927119,47,UKA,0.3194444444444444,2,FGFR3,TK,FGFR,FGFR
INSR,0.614708391103962,48,UKA,0.3055555555555556,2,INSR,TK,INSR,INSR
ROS,0.573218676282937,49,UKA,0.2916666666666667,2,ROS1,TK,SEV,SEV
KIT,0.573150543562342,50,UKA,0.2777777777777778,2,KIT,TK,PDGFR,PDGFR
YES,0.556943645011343,51,UKA,0.25,2,YES1,TK,SRC,SRCA
FLT4,0.556943645011343,51,UKA,0.25,2,FLT4,TK,VEGFR,VEGFR
ARG,0.549061496134023,52,UKA,0.2361111111111111,1,ABL2,TK,ABL,ABL
HER2,0.513099349094949,53,UKA,0.2222222222222222,1,ERBB2,TK,EGFR,EGFR
BRK,0.503147812627265,54,UKA,0.20833333333333334,1,PTK6,TK,SRC,SRM
ABL,0.481222931073225,55,UKA,0.19444444444444445,1,ABL1,TK,ABL,ABL
IGF1R,0.47723244834042,56,UKA,0.18055555555555555,1,IGF1R,TK,INSR,INSR
PDGFR[BETA],0.407645562543599,57,UKA,0.1527777777777778,1,PDGFRB,TK,PDGFR,PDGFR
SYK,0.407645562543599,57,UKA,0.1527777777777778,1,SYK,TK,SYK,SYK
HER3,0.405395327033188,58,UKA,0.1388888888888889,1,ERBB3,TK,EGFR,EGFR
LTK,0.331293606514838,59,UKA,0.125,1,LTK,TK,ALK,ALK
EPHA5,0.31943152403676,60,UKA,0.1111111111111111,1,EPHA5,TK,EPH,EPH
ALK,0.318245151314288,61,UKA,0.09722222222222222,1,ALK,TK,ALK,ALK
ZAP70,0.28463855003826,62,UKA,0.08333333333333333,1,ZAP70,TK,SYK,SYK
EPHA8,0.27628169617396803,63,UKA,0.06944444444444445,1,EPHA8,TK,EPH,EPH
EPHA3,0.248493220979865,64,UKA,0.05555555555555555,1,EPHA3,TK,EPH,EPH
EPHA2,0.176525770829699,65,UKA,0.041666666666666664,1,EPHA2,TK,EPH,EPH
EGFR,0.169829789869652,66,UKA,0.027777777777777776,1,EGFR,TK,EGFR,EGFR
FLT1,0.143300103818786,67,UKA,0.013888888888888888,1,FLT1,TK,VEGFR,VEGFR
EPHA4,0.099305225547602,68,UKA,0,1,EPHA4,TK,EPH,EPH
ACK,0.5800000000000001,10,KRSA,0.5915492957746479,3,TNK1,TK,ACK,ACK
ACK,0.5800000000000001,10,KRSA,0.5915492957746479,3,TNK2,TK,ACK,ACK
ALK,-1.97,1,KRSA,0.971830985915493,4,ALK,TK,ALK,ALK
ALK,-1.97,1,KRSA,0.971830985915493,4,LTK,TK,ALK,ALK
TRK,1.16,4,KRSA,0.8450704225352113,4,NTRK1,TK,TRK,TRK
TRK,1.16,4,KRSA,0.8450704225352113,4,NTRK2,TK,TRK,TRK
TRK,1.16,4,KRSA,0.8450704225352113,4,NTRK3,TK,TRK,TRK
DDR,0.9633333333333334,5,KRSA,0.8028169014084507,4,DDR1,TK,DDR,DDR
DDR,0.9633333333333334,5,KRSA,0.8028169014084507,4,DDR2,TK,DDR,DDR
JAK,0.4833333333333333,12,KRSA,0.5070422535211268,3,JAK1,TK,JAKA,JAKA
JAK,0.4833333333333333,12,KRSA,0.5070422535211268,3,JAK2,TK,JAKA,JAKA
JAK,0.4833333333333333,12,KRSA,0.5070422535211268,3,JAK3,TK,JAKA,JAKA
JAK,0.4833333333333333,12,KRSA,0.5070422535211268,3,TYK2,TK,JAKA,JAKA
SYK,-1.31,3,KRSA,0.8873239436619719,4,SYK,TK,SYK,SYK
SYK,-1.31,3,KRSA,0.8873239436619719,4,ZAP70,TK,SYK,SYK
MET,0.19000000000000003,19,KRSA,0.2112676056338028,1,MET,TK,MET,MET
MET,0.19000000000000003,19,KRSA,0.2112676056338028,1,MST1R,TK,MET,MET
FAK,-0.87,6,KRSA,0.7605633802816901,4,PTK2,TK,FAK,FAK
FAK,-0.87,6,KRSA,0.7605633802816901,4,PTK2B,TK,FAK,FAK
VEGFR,0.78,8,KRSA,0.676056338028169,3,FLT1,TK,VEGFR,VEGFR
VEGFR,0.78,8,KRSA,0.676056338028169,3,FLT4,TK,VEGFR,VEGFR
VEGFR,0.78,8,KRSA,0.676056338028169,3,KDR,TK,VEGFR,VEGFR
RET,0.2,18,KRSA,0.2535211267605634,2,RET,TK,RET,RET
ABL,-1.34,2,KRSA,0.9295774647887324,4,ABL1,TK,ABL,ABL
ABL,-1.34,2,KRSA,0.9295774647887324,4,ABL2,TK,ABL,ABL
RYK,-0.48333333333333334,11,KRSA,0.5492957746478874,3,RYK,TK,RYK,RYK
FRK,-0.21333333333333335,17,KRSA,0.29577464788732394,2,FRK,TK,SRC,FRK
FER,0.41,13,KRSA,0.4647887323943662,2,FER,TK,FER,FER
FER,0.41,13,KRSA,0.4647887323943662,2,FES,TK,FER,FER
SEV,-0.34,14,KRSA,0.4225352112676056,2,ROS1,TK,SEV,SEV
TEC,-0.59,9,KRSA,0.6338028169014085,3,BMX,TK,TEC,TEC
TEC,-0.59,9,KRSA,0.6338028169014085,3,BTK,TK,TEC,TEC
TEC,-0.59,9,KRSA,0.6338028169014085,3,ITK,TK,TEC,TEC
TEC,-0.59,9,KRSA,0.6338028169014085,3,TEC,TK,TEC,TEC
TEC,-0.59,9,KRSA,0.6338028169014085,3,TXK,TK,TEC,TEC
EGFR,-0.23,15,KRSA,0.38028169014084506,2,EGFR,TK,EGFR,EGFR
EGFR,-0.23,15,KRSA,0.38028169014084506,2,ERBB2,TK,EGFR,EGFR
EGFR,-0.23,15,KRSA,0.38028169014084506,2,ERBB3,TK,EGFR,EGFR
EGFR,-0.23,15,KRSA,0.38028169014084506,2,ERBB4,TK,EGFR,EGFR
INSR,0.01333333333333334,24,KRSA,0,1,IGF1R,TK,INSR,INSR
INSR,0.01333333333333334,24,KRSA,0,1,INSR,TK,INSR,INSR
INSR,0.01333333333333334,24,KRSA,0,1,INSRR,TK,INSR,INSR
PDGFR,0.02333333333333334,23,KRSA,0.04225352112676056,1,CSF1R,TK,PDGFR,PDGFR
PDGFR,0.02333333333333334,23,KRSA,0.04225352112676056,1,FLT3,TK,PDGFR,PDGFR
PDGFR,0.02333333333333334,23,KRSA,0.04225352112676056,1,KIT,TK,PDGFR,PDGFR
PDGFR,0.02333333333333334,23,KRSA,0.04225352112676056,1,PDGFRA,TK,PDGFR,PDGFR
PDGFR,0.02333333333333334,23,KRSA,0.04225352112676056,1,PDGFRB,TK,PDGFR,PDGFR
EPH,-0.05000000000000001,22,KRSA,0.08450704225352113,1,EPHA1,TK,EPH,EPH
EPH,-0.05000000000000001,22,KRSA,0.08450704225352113,1,EPHA2,TK,EPH,EPH
EPH,-0.05000000000000001,22,KRSA,0.08450704225352113,1,EPHA3,TK,EPH,EPH
EPH,-0.05000000000000001,22,KRSA,0.08450704225352113,1,EPHA4,TK,EPH,EPH
EPH,-0.05000000000000001,22,KRSA,0.08450704225352113,1,EPHA5,TK,EPH,EPH
EPH,-0.05000000000000001,22,KRSA,0.08450704225352113,1,EPHA6,TK,EPH,EPH
EPH,-0.05000000000000001,22,KRSA,0.08450704225352113,1,EPHA7,TK,EPH,EPH
EPH,-0.05000000000000001,22,KRSA,0.08450704225352113,1,EPHA8,TK,EPH,EPH
EPH,-0.05000000000000001,22,KRSA,0.08450704225352113,1,EPHB1,TK,EPH,EPH
EPH,-0.05000000000000001,22,KRSA,0.08450704225352113,1,EPHB2,TK,EPH,EPH
EPH,-0.05000000000000001,22,KRSA,0.08450704225352113,1,EPHB3,TK,EPH,EPH
EPH,-0.05000000000000001,22,KRSA,0.08450704225352113,1,EPHB4,TK,EPH,EPH
SRC,-0.21999999999999997,16,KRSA,0.3380281690140845,2,BLK,TK,SRC,SRCB
SRC,-0.21999999999999997,16,KRSA,0.3380281690140845,2,FGR,TK,SRC,SRCA
SRC,-0.21999999999999997,16,KRSA,0.3380281690140845,2,FYN,TK,SRC,SRCA
SRC,-0.21999999999999997,16,KRSA,0.3380281690140845,2,HCK,TK,SRC,SRCB
SRC,-0.21999999999999997,16,KRSA,0.3380281690140845,2,LCK,TK,SRC,SRCB
SRC,-0.21999999999999997,16,KRSA,0.3380281690140845,2,LYN,TK,SRC,SRCB
SRC,-0.21999999999999997,16,KRSA,0.3380281690140845,2,PTK6,TK,SRC,SRM
SRC,-0.21999999999999997,16,KRSA,0.3380281690140845,2,SRC,TK,SRC,SRCA
SRC,-0.21999999999999997,16,KRSA,0.3380281690140845,2,SRMS,TK,SRC,SRM
SRC,-0.21999999999999997,16,KRSA,0.3380281690140845,2,YES1,TK,SRC,SRCA
FGFR,-0.8166666666666667,7,KRSA,0.7183098591549296,3,FGFR1,TK,FGFR,FGFR
FGFR,-0.8166666666666667,7,KRSA,0.7183098591549296,3,FGFR2,TK,FGFR,FGFR
FGFR,-0.8166666666666667,7,KRSA,0.7183098591549296,3,FGFR3,TK,FGFR,FGFR
FGFR,-0.8166666666666667,7,KRSA,0.7183098591549296,3,FGFR4,TK,FGFR,FGFR
AXL,-0.11,21,KRSA,0.1267605633802817,1,AXL,TK,AXL,AXL
AXL,-0.11,21,KRSA,0.1267605633802817,1,MERTK,TK,AXL,AXL
AXL,-0.11,21,KRSA,0.1267605633802817,1,TYRO3,TK,AXL,AXL
CSK,-0.14666666666666667,20,KRSA,0.16901408450704225,1,CSK,TK,CSK,CSK
CSK,-0.14666666666666667,20,KRSA,0.16901408450704225,1,MATK,TK,CSK,CSK
ABL,-1.34,2,KRSA,0.9295774647887324,4,ABL1,TK,ABL,ABL
ABL,-1.34,2,KRSA,0.9295774647887324,4,ABL2,TK,ABL,ABL
ALK,-1.97,1,KRSA,0.971830985915493,4,ALK,TK,ALK,ALK
ALK,-1.97,1,KRSA,0.971830985915493,4,LTK,TK,ALK,ALK
TRK,1.16,4,KRSA,0.8450704225352113,4,NTRK1,TK,TRK,TRK
TRK,1.16,4,KRSA,0.8450704225352113,4,NTRK2,TK,TRK,TRK
TRK,1.16,4,KRSA,0.8450704225352113,4,NTRK3,TK,TRK,TRK
SYK,-1.31,3,KRSA,0.8873239436619719,4,SYK,TK,SYK,SYK
SYK,-1.31,3,KRSA,0.8873239436619719,4,ZAP70,TK,SYK,SYK
FGFR,-0.8166666666666667,7,KRSA,0.7183098591549296,3,FGFR1,TK,FGFR,FGFR
FGFR,-0.8166666666666667,7,KRSA,0.7183098591549296,3,FGFR2,TK,FGFR,FGFR
FGFR,-0.8166666666666667,7,KRSA,0.7183098591549296,3,FGFR3,TK,FGFR,FGFR
FGFR,-0.8166666666666667,7,KRSA,0.7183098591549296,3,FGFR4,TK,FGFR,FGFR
TEC,-0.59,9,KRSA,0.6338028169014085,3,BMX,TK,TEC,TEC
TEC,-0.59,9,KRSA,0.6338028169014085,3,BTK,TK,TEC,TEC
TEC,-0.59,9,KRSA,0.6338028169014085,3,ITK,TK,TEC,TEC
TEC,-0.59,9,KRSA,0.6338028169014085,3,TEC,TK,TEC,TEC
TEC,-0.59,9,KRSA,0.6338028169014085,3,TXK,TK,TEC,TEC
FAK,-0.87,6,KRSA,0.7605633802816901,4,PTK2,TK,FAK,FAK
FAK,-0.87,6,KRSA,0.7605633802816901,4,PTK2B,TK,FAK,FAK
DDR,0.9633333333333334,5,KRSA,0.8028169014084507,4,DDR1,TK,DDR,DDR
DDR,0.9633333333333334,5,KRSA,0.8028169014084507,4,DDR2,TK,DDR,DDR
RET,0.2,18,KRSA,0.2535211267605634,2,RET,TK,RET,RET
PDGFR,0.02333333333333334,23,KRSA,0.04225352112676056,1,CSF1R,TK,PDGFR,PDGFR
PDGFR,0.02333333333333334,23,KRSA,0.04225352112676056,1,FLT3,TK,PDGFR,PDGFR
PDGFR,0.02333333333333334,23,KRSA,0.04225352112676056,1,KIT,TK,PDGFR,PDGFR
PDGFR,0.02333333333333334,23,KRSA,0.04225352112676056,1,PDGFRA,TK,PDGFR,PDGFR
PDGFR,0.02333333333333334,23,KRSA,0.04225352112676056,1,PDGFRB,TK,PDGFR,PDGFR
CSK,-0.14666666666666667,20,KRSA,0.16901408450704225,1,CSK,TK,CSK,CSK
CSK,-0.14666666666666667,20,KRSA,0.16901408450704225,1,MATK,TK,CSK,CSK
AXL,-0.11,21,KRSA,0.1267605633802817,1,AXL,TK,AXL,AXL
AXL,-0.11,21,KRSA,0.1267605633802817,1,MERTK,TK,AXL,AXL
AXL,-0.11,21,KRSA,0.1267605633802817,1,TYRO3,TK,AXL,AXL
VEGFR,0.78,8,KRSA,0.676056338028169,3,FLT1,TK,VEGFR,VEGFR
VEGFR,0.78,8,KRSA,0.676056338028169,3,FLT4,TK,VEGFR,VEGFR
VEGFR,0.78,8,KRSA,0.676056338028169,3,KDR,TK,VEGFR,VEGFR
RYK,-0.48333333333333334,11,KRSA,0.5492957746478874,3,RYK,TK,RYK,RYK
INSR,0.01333333333333334,24,KRSA,0,1,IGF1R,TK,INSR,INSR
INSR,0.01333333333333334,24,KRSA,0,1,INSR,TK,INSR,INSR
INSR,0.01333333333333334,24,KRSA,0,1,INSRR,TK,INSR,INSR
ACK,0.5800000000000001,10,KRSA,0.5915492957746479,3,TNK1,TK,ACK,ACK
ACK,0.5800000000000001,10,KRSA,0.5915492957746479,3,TNK2,TK,ACK,ACK
SEV,-0.34,14,KRSA,0.4225352112676056,2,ROS1,TK,SEV,SEV
FRK,-0.21333333333333335,17,KRSA,0.29577464788732394,2,FRK,TK,SRC,FRK
MET,0.19000000000000003,19,KRSA,0.2112676056338028,1,MET,TK,MET,MET
MET,0.19000000000000003,19,KRSA,0.2112676056338028,1,MST1R,TK,MET,MET
EGFR,-0.23,15,KRSA,0.38028169014084506,2,EGFR,TK,EGFR,EGFR
EGFR,-0.23,15,KRSA,0.38028169014084506,2,ERBB2,TK,EGFR,EGFR
EGFR,-0.23,15,KRSA,0.38028169014084506,2,ERBB3,TK,EGFR,EGFR
EGFR,-0.23,15,KRSA,0.38028169014084506,2,ERBB4,TK,EGFR,EGFR
JAK,0.4833333333333333,12,KRSA,0.5070422535211268,3,JAK1,TK,JAKA,JAKA
JAK,0.4833333333333333,12,KRSA,0.5070422535211268,3,JAK2,TK,JAKA,JAKA
JAK,0.4833333333333333,12,KRSA,0.5070422535211268,3,JAK3,TK,JAKA,JAKA
JAK,0.4833333333333333,12,KRSA,0.5070422535211268,3,TYK2,TK,JAKA,JAKA
SRC,-0.21999999999999997,16,KRSA,0.3380281690140845,2,BLK,TK,SRC,SRCB
SRC,-0.21999999999999997,16,KRSA,0.3380281690140845,2,FGR,TK,SRC,SRCA
SRC,-0.21999999999999997,16,KRSA,0.3380281690140845,2,FYN,TK,SRC,SRCA
SRC,-0.21999999999999997,16,KRSA,0.3380281690140845,2,HCK,TK,SRC,SRCB
SRC,-0.21999999999999997,16,KRSA,0.3380281690140845,2,LCK,TK,SRC,SRCB
SRC,-0.21999999999999997,16,KRSA,0.3380281690140845,2,LYN,TK,SRC,SRCB
SRC,-0.21999999999999997,16,KRSA,0.3380281690140845,2,PTK6,TK,SRC,SRM
SRC,-0.21999999999999997,16,KRSA,0.3380281690140845,2,SRC,TK,SRC,SRCA
SRC,-0.21999999999999997,16,KRSA,0.3380281690140845,2,SRMS,TK,SRC,SRM
SRC,-0.21999999999999997,16,KRSA,0.3380281690140845,2,YES1,TK,SRC,SRCA
FER,0.41,13,KRSA,0.4647887323943662,2,FER,TK,FER,FER
FER,0.41,13,KRSA,0.4647887323943662,2,FES,TK,FER,FER
EPH,-0.05000000000000001,22,KRSA,0.08450704225352113,1,EPHA1,TK,EPH,EPH
EPH,-0.05000000000000001,22,KRSA,0.08450704225352113,1,EPHA2,TK,EPH,EPH
EPH,-0.05000000000000001,22,KRSA,0.08450704225352113,1,EPHA3,TK,EPH,EPH
EPH,-0.05000000000000001,22,KRSA,0.08450704225352113,1,EPHA4,TK,EPH,EPH
EPH,-0.05000000000000001,22,KRSA,0.08450704225352113,1,EPHA5,TK,EPH,EPH
EPH,-0.05000000000000001,22,KRSA,0.08450704225352113,1,EPHA6,TK,EPH,EPH
EPH,-0.05000000000000001,22,KRSA,0.08450704225352113,1,EPHA7,TK,EPH,EPH
EPH,-0.05000000000000001,22,KRSA,0.08450704225352113,1,EPHA8,TK,EPH,EPH
EPH,-0.05000000000000001,22,KRSA,0.08450704225352113,1,EPHB1,TK,EPH,EPH
EPH,-0.05000000000000001,22,KRSA,0.08450704225352113,1,EPHB2,TK,EPH,EPH
EPH,-0.05000000000000001,22,KRSA,0.08450704225352113,1,EPHB3,TK,EPH,EPH
EPH,-0.05000000000000001,22,KRSA,0.08450704225352113,1,EPHB4,TK,EPH,EPH
ALK,-1.97,1,KRSA,0.971830985915493,4,ALK,TK,ALK,ALK
ALK,-1.97,1,KRSA,0.971830985915493,4,LTK,TK,ALK,ALK
ABL,-1.34,2,KRSA,0.9295774647887324,4,ABL1,TK,ABL,ABL
ABL,-1.34,2,KRSA,0.9295774647887324,4,ABL2,TK,ABL,ABL
FGFR,-0.8166666666666667,7,KRSA,0.7183098591549296,3,FGFR1,TK,FGFR,FGFR
FGFR,-0.8166666666666667,7,KRSA,0.7183098591549296,3,FGFR2,TK,FGFR,FGFR
FGFR,-0.8166666666666667,7,KRSA,0.7183098591549296,3,FGFR3,TK,FGFR,FGFR
FGFR,-0.8166666666666667,7,KRSA,0.7183098591549296,3,FGFR4,TK,FGFR,FGFR
SYK,-1.31,3,KRSA,0.8873239436619719,4,SYK,TK,SYK,SYK
SYK,-1.31,3,KRSA,0.8873239436619719,4,ZAP70,TK,SYK,SYK
TEC,-0.59,9,KRSA,0.6338028169014085,3,BMX,TK,TEC,TEC
TEC,-0.59,9,KRSA,0.6338028169014085,3,BTK,TK,TEC,TEC
TEC,-0.59,9,KRSA,0.6338028169014085,3,ITK,TK,TEC,TEC
TEC,-0.59,9,KRSA,0.6338028169014085,3,TEC,TK,TEC,TEC
TEC,-0.59,9,KRSA,0.6338028169014085,3,TXK,TK,TEC,TEC
VEGFR,0.78,8,KRSA,0.676056338028169,3,FLT1,TK,VEGFR,VEGFR
VEGFR,0.78,8,KRSA,0.676056338028169,3,FLT4,TK,VEGFR,VEGFR
VEGFR,0.78,8,KRSA,0.676056338028169,3,KDR,TK,VEGFR,VEGFR
FRK,-0.21333333333333335,17,KRSA,0.29577464788732394,2,FRK,TK,SRC,FRK
AXL,-0.11,21,KRSA,0.1267605633802817,1,AXL,TK,AXL,AXL
AXL,-0.11,21,KRSA,0.1267605633802817,1,MERTK,TK,AXL,AXL
AXL,-0.11,21,KRSA,0.1267605633802817,1,TYRO3,TK,AXL,AXL
RET,0.2,18,KRSA,0.2535211267605634,2,RET,TK,RET,RET
EGFR,-0.23,15,KRSA,0.38028169014084506,2,EGFR,TK,EGFR,EGFR
EGFR,-0.23,15,KRSA,0.38028169014084506,2,ERBB2,TK,EGFR,EGFR
EGFR,-0.23,15,KRSA,0.38028169014084506,2,ERBB3,TK,EGFR,EGFR
EGFR,-0.23,15,KRSA,0.38028169014084506,2,ERBB4,TK,EGFR,EGFR
FAK,-0.87,6,KRSA,0.7605633802816901,4,PTK2,TK,FAK,FAK
FAK,-0.87,6,KRSA,0.7605633802816901,4,PTK2B,TK,FAK,FAK
MET,0.19000000000000003,19,KRSA,0.2112676056338028,1,MET,TK,MET,MET
MET,0.19000000000000003,19,KRSA,0.2112676056338028,1,MST1R,TK,MET,MET
SRC,-0.21999999999999997,16,KRSA,0.3380281690140845,2,BLK,TK,SRC,SRCB
SRC,-0.21999999999999997,16,KRSA,0.3380281690140845,2,FGR,TK,SRC,SRCA
SRC,-0.21999999999999997,16,KRSA,0.3380281690140845,2,FYN,TK,SRC,SRCA
SRC,-0.21999999999999997,16,KRSA,0.3380281690140845,2,HCK,TK,SRC,SRCB
SRC,-0.21999999999999997,16,KRSA,0.3380281690140845,2,LCK,TK,SRC,SRCB
SRC,-0.21999999999999997,16,KRSA,0.3380281690140845,2,LYN,TK,SRC,SRCB
SRC,-0.21999999999999997,16,KRSA,0.3380281690140845,2,PTK6,TK,SRC,SRM
SRC,-0.21999999999999997,16,KRSA,0.3380281690140845,2,SRC,TK,SRC,SRCA
SRC,-0.21999999999999997,16,KRSA,0.3380281690140845,2,SRMS,TK,SRC,SRM
SRC,-0.21999999999999997,16,KRSA,0.3380281690140845,2,YES1,TK,SRC,SRCA
INSR,0.01333333333333334,24,KRSA,0,1,IGF1R,TK,INSR,INSR
INSR,0.01333333333333334,24,KRSA,0,1,INSR,TK,INSR,INSR
INSR,0.01333333333333334,24,KRSA,0,1,INSRR,TK,INSR,INSR
FER,0.41,13,KRSA,0.4647887323943662,2,FER,TK,FER,FER
FER,0.41,13,KRSA,0.4647887323943662,2,FES,TK,FER,FER
PDGFR,0.02333333333333334,23,KRSA,0.04225352112676056,1,CSF1R,TK,PDGFR,PDGFR
PDGFR,0.02333333333333334,23,KRSA,0.04225352112676056,1,FLT3,TK,PDGFR,PDGFR
PDGFR,0.02333333333333334,23,KRSA,0.04225352112676056,1,KIT,TK,PDGFR,PDGFR
PDGFR,0.02333333333333334,23,KRSA,0.04225352112676056,1,PDGFRA,TK,PDGFR,PDGFR
PDGFR,0.02333333333333334,23,KRSA,0.04225352112676056,1,PDGFRB,TK,PDGFR,PDGFR
RYK,-0.48333333333333334,11,KRSA,0.5492957746478874,3,RYK,TK,RYK,RYK
SEV,-0.34,14,KRSA,0.4225352112676056,2,ROS1,TK,SEV,SEV
ACK,0.5800000000000001,10,KRSA,0.5915492957746479,3,TNK1,TK,ACK,ACK
ACK,0.5800000000000001,10,KRSA,0.5915492957746479,3,TNK2,TK,ACK,ACK
JAK,0.4833333333333333,12,KRSA,0.5070422535211268,3,JAK1,TK,JAKA,JAKA
JAK,0.4833333333333333,12,KRSA,0.5070422535211268,3,JAK2,TK,JAKA,JAKA
JAK,0.4833333333333333,12,KRSA,0.5070422535211268,3,JAK3,TK,JAKA,JAKA
JAK,0.4833333333333333,12,KRSA,0.5070422535211268,3,TYK2,TK,JAKA,JAKA
TRK,1.16,4,KRSA,0.8450704225352113,4,NTRK1,TK,TRK,TRK
TRK,1.16,4,KRSA,0.8450704225352113,4,NTRK2,TK,TRK,TRK
TRK,1.16,4,KRSA,0.8450704225352113,4,NTRK3,TK,TRK,TRK
EPH,-0.05000000000000001,22,KRSA,0.08450704225352113,1,EPHA1,TK,EPH,EPH
EPH,-0.05000000000000001,22,KRSA,0.08450704225352113,1,EPHA2,TK,EPH,EPH
EPH,-0.05000000000000001,22,KRSA,0.08450704225352113,1,EPHA3,TK,EPH,EPH
EPH,-0.05000000000000001,22,KRSA,0.08450704225352113,1,EPHA4,TK,EPH,EPH
EPH,-0.05000000000000001,22,KRSA,0.08450704225352113,1,EPHA5,TK,EPH,EPH
EPH,-0.05000000000000001,22,KRSA,0.08450704225352113,1,EPHA6,TK,EPH,EPH
EPH,-0.05000000000000001,22,KRSA,0.08450704225352113,1,EPHA7,TK,EPH,EPH
EPH,-0.05000000000000001,22,KRSA,0.08450704225352113,1,EPHA8,TK,EPH,EPH
EPH,-0.05000000000000001,22,KRSA,0.08450704225352113,1,EPHB1,TK,EPH,EPH
EPH,-0.05000000000000001,22,KRSA,0.08450704225352113,1,EPHB2,TK,EPH,EPH
EPH,-0.05000000000000001,22,KRSA,0.08450704225352113,1,EPHB3,TK,EPH,EPH
EPH,-0.05000000000000001,22,KRSA,0.08450704225352113,1,EPHB4,TK,EPH,EPH
CSK,-0.14666666666666667,20,KRSA,0.16901408450704225,1,CSK,TK,CSK,CSK
CSK,-0.14666666666666667,20,KRSA,0.16901408450704225,1,MATK,TK,CSK,CSK
DDR,0.9633333333333334,5,KRSA,0.8028169014084507,4,DDR1,TK,DDR,DDR
DDR,0.9633333333333334,5,KRSA,0.8028169014084507,4,DDR2,TK,DDR,DDR
